name,city,state,country
Alkapuri,Vadodara,Gujarat,India
Gotri,Vadodara,Gujarat,India
Manjalpur,Vadodara,Gujarat,India
Karelibaug,Vadodara,Gujarat,India
Sayajigunj,Vadodara,Gujarat,India
Fatehgunj,Vadodara,Gujarat,India
Akota,Vadodara,Gujarat,India
Vasna,Vadodara,Gujarat,India
Waghodia Road,Vadodara,Gujarat,India
Harni,Vadodara,Gujarat,India
Makarpura,Vadodara,Gujarat,India
Atladara,Vadodara,Gujarat,India
Tarsali,Vadodara,Gujarat,India
Gorwa,Vadodara,Gujarat,India
Subhanpura,Vadodara,Gujarat,India
